{
    "SourceEntity": {
        "SourceTemplate": {
            "DataSetReferences": [
                {
                    "DataSetPlaceholder": "recovery-time-detail",
                    "DataSetArn": "arn:{Aws.PARTITION}:quicksight:{Aws.REGION}:{Aws.ACCOUNT_ID}:dataset/recovery-time"
                },
                {
                    "DataSetPlaceholder": "code-change-activity",
                    "DataSetArn": "arn:{Aws.PARTITION}:quicksight:{Aws.REGION}:{Aws.ACCOUNT_ID}:dataset/code-change-activity"
                },
                {
                    "DataSetPlaceholder": "code-deployment-detail",
                    "DataSetArn": "arn:{Aws.PARTITION}:quicksight:{Aws.REGION}:{Aws.ACCOUNT_ID}:dataset/code-deployment"
                },
                {
                    "DataSetPlaceholder": "code-pipeline-detail",
                    "DataSetArn": "arn:{Aws.PARTITION}:quicksight:{Aws.REGION}:{Aws.ACCOUNT_ID}:dataset/code-pipeline"
                },
                {
                    "DataSetPlaceholder": "code-build-detail",
                    "DataSetArn": "arn:{Aws.PARTITION}:quicksight:{Aws.REGION}:{Aws.ACCOUNT_ID}:dataset/code-build"
                },
                {
                    "DataSetPlaceholder": "github-change-activity",
                    "DataSetArn": "arn:{Aws.PARTITION}:quicksight:{Aws.REGION}:{Aws.ACCOUNT_ID}:dataset/github-change-activity"
                }

            ],
            "Arn": "{self.source_template_arn}"
        }
    }
}
