{
    "PhysicalTableMap": {
        "cd2fd368-a250-46d5-995f-d3395ffc5ac5": {
            "RelationalTable": {
                "DataSourceArn": "{self.data_source.arn}",
                "Schema": "aws_devops_metrics_db_so0143",
                "Name": "code_change_activity_view",
                "InputColumns": [
                    {
                        "Name": "account",
                        "Type": "STRING"
                    },
                    {
                        "Name": "time",
                        "Type": "DATETIME"
                    },
                    {
                        "Name": "region",
                        "Type": "STRING"
                    },
                    {
                        "Name": "event_name",
                        "Type": "STRING"
                    },
                    {
                        "Name": "repository_name",
                        "Type": "STRING"
                    },
                    {
                        "Name": "branch_name",
                        "Type": "STRING"
                    },
                    {
                        "Name": "author_name",
                        "Type": "STRING"
                    },
                    {
                        "Name": "commit_id",
                        "Type": "STRING"
                    },
                    {
                        "Name": "created_at",
                        "Type": "DATETIME"
                    }
                ]
            }
        }
    },
    "LogicalTableMap": {
        "cd2fd368-a250-46d5-995f-d3395ffc5ac5": {
            "Alias": "code_change_activity_view",
            "DataTransforms": [
                {
                    "RenameColumnOperation": {
                        "ColumnName": "commit_id",
                        "NewColumnName": "Change Id"
                    }
                },
                {
                    "RenameColumnOperation": {
                        "ColumnName": "author_name",
                        "NewColumnName": "Author"
                    }
                },
                {
                    "RenameColumnOperation": {
                        "ColumnName": "repository_name",
                        "NewColumnName": "Repository"
                    }
                },
                {
                    "RenameColumnOperation": {
                        "ColumnName": "branch_name",
                        "NewColumnName": "Branch"
                    }
                },
                {
                    "RenameColumnOperation": {
                        "ColumnName": "event_name",
                        "NewColumnName": "Event Name"
                    }
                },
                {
                    "RenameColumnOperation": {
                        "ColumnName": "region",
                        "NewColumnName": "Region"
                    }
                },
                {
                    "RenameColumnOperation": {
                        "ColumnName": "time",
                        "NewColumnName": "Time"
                    }
                },
                {
                    "RenameColumnOperation": {
                        "ColumnName": "account",
                        "NewColumnName": "Account"
                    }
                },
                {
                    "RenameColumnOperation": {
                        "ColumnName": "created_at",
                        "NewColumnName": "Created At"
                    }
                },
                {
                    "ProjectOperation": {
                        "ProjectedColumns": [
                            "Account",
                            "Time",
                            "Region",
                            "Event Name",
                            "Repository",
                            "Branch",
                            "Author",
                            "Change Id",
                            "Created At"
                        ]
                    }
                }
            ],
            "Source": {
                "PhysicalTableId": "cd2fd368-a250-46d5-995f-d3395ffc5ac5"
            }
        }
    }
}
